"","city","lat","lng","aqi"
"1","Tokyo",35.6897,139.6922,14
"2","Jakarta",-6.2146,106.8451,57
"3","Delhi",28.66,77.23,151
"4","Mumbai",18.9667,72.8333,95
"5","Manila",14.5958,120.9772,21
"6","Shanghai",31.1667,121.4667,78
"7","São Paulo",-23.5504,-46.6339,17
"8","Seoul",37.5833,127,61
"9","Mexico City",19.4333,-99.1333,99
"10","Guangzhou",23.1288,113.259,63
"11","Beijing",39.905,116.3914,45
"12","Cairo",30.0561,31.2394,115
"13","New York",40.6943,-73.9249,15
"14","Kolkata",22.5411,88.3378,124
"15","Moscow",55.7558,37.6178,77
"16","Bangkok",13.75,100.5167,114
"17","Buenos Aires",-34.5997,-58.3819,95
"18","Shenzhen",22.535,114.054,55
"19","Dhaka",23.7161,90.3961,111
"20","Lagos",6.45,3.4,82
"21","Istanbul",41.01,28.9603,54
"22","Osaka",34.6936,135.5019,NA
"23","Karachi",24.86,67.01,96
"24","Bangalore",12.9699,77.598,65
"25","Tehran",35.7,51.4167,109
"26","Kinshasa",-4.3317,15.3139,157
"27","Ho Chi Minh City",10.8167,106.6333,87
"28","Los Angeles",34.1139,-118.4068,74
"29","Rio de Janeiro",-22.9083,-43.1964,38
"30","Nanyang",32.9987,112.5292,97
"31","Chennai",13.0825,80.275,99
"32","Chengdu",30.6636,104.0667,93
"33","Lahore",31.5497,74.3436,104
"34","Paris",48.8566,2.3522,27
"35","London",51.5072,-0.1275,22
"36","Linyi",35.0606,118.3425,97
"37","Tianjin",39.1467,117.2056,53
"38","Shijiazhuang",38.0422,114.5086,99
"39","Baoding",38.8671,115.4845,78
"40","Zhoukou",33.625,114.6418,137
"41","Lima",-12.05,-77.0333,59
"42","Hyderabad",17.3667,78.4667,159
"43","Bogotá",4.6126,-74.0705,46
"44","Weifang",36.7167,119.1,63
"45","Nagoya",35.1167,136.9333,10
"46","Wuhan",30.5872,114.2881,80
"47","Heze",35.2333,115.4333,168
"48","Ganzhou",25.8292,114.9336,124
"49","Tongshan",34.261,117.1859,139
"50","Chicago",41.8373,-87.6862,43
"51","Handan",36.6116,114.4894,158
"52","Luanda",-8.8383,13.2344,82
"53","Fuyang",32.8986,115.8045,132
"54","Kuala Lumpur",3.1478,101.6953,57
"55","Jining",35.4,116.5667,168
"56","Dongguan",23.0475,113.7493,65
"57","Hanoi",21.0245,105.8412,63
"58","Pune",18.5196,73.8553,132
"59","Chongqing",29.55,106.5069,89
"60","Changchun",43.9,125.2,300
"61","Zhumadian",32.9773,114.0253,124
"62","Ningbo",29.875,121.5492,95
"63","Onitsha",6.1667,6.7833,157
"64","Nanjing",32.05,118.7667,55
"65","Hefei",31.8639,117.2808,50
"66","Ahmadabad",23.03,72.58,196
"67","Hong Kong",22.305,114.185,56
"68","Nantong",31.9829,120.8873,80
"69","Khartoum",15.6031,32.5265,87
"70","Yancheng",33.3936,120.1339,68
"71","Foshan",23.0292,113.1056,55
"72","Nanning",22.8192,108.315,114
"73","Hengyang",26.8968,112.5857,25
"74","Xi’an",34.2667,108.9,144
"75","Shenyang",41.8039,123.4258,97
"76","Tangshan",39.6292,118.1742,97
"77","Shaoyang",27.2418,111.4725,55
"78","Changsha",28.1987,112.9709,82
"79","Santiago",-33.45,-70.6667,47
"80","Zhengzhou",34.7492,113.6605,157
"81","Zhanjiang",21.1967,110.4031,61
"82","Riyadh",24.65,46.71,36
"83","Cangzhou",38.3037,116.8452,63
"84","Maoming",21.6618,110.9178,50
"85","Dar es Salaam",-6.8,39.2833,107
"86","Huanggang",30.45,114.875,87
"87","Xinyang",32.1264,114.0672,119
"88","Shangrao",28.4419,117.9633,87
"89","Luoyang",34.6587,112.4245,165
"90","Bijie",27.3019,105.2863,117
"91","Yantai",37.3997,121.2664,122
"92","Quanzhou",24.9139,118.5858,53
"93","Hangzhou",30.25,120.1675,153
"94","Miami",25.7839,-80.2102,20
"95","Kunming",25.0433,102.7061,147
"96","Nanchong",30.7991,106.0784,65
"97","Zunyi",27.705,106.9336,46
"98","Lu’an",31.7542,116.5078,155
"99","Yichun",27.8041,114.383,95
"100","Taizhou",28.6583,121.4221,65
"101","Liaocheng",36.45,115.9833,109
"102","Qujing",25.5102,103.8029,97
"103","Xiangyang",32.0654,112.1531,149
"104","Surat",21.17,72.83,115
"105","Baghdad",33.35,44.4167,156
"106","Qingdao",36.1167,120.4,109
"107","Singapore",1.3,103.8,42
"108","Dallas",32.7936,-96.7662,50
"109","Changde",29.0397,111.6839,68
"110","Dazhou",31.2152,107.4947,46
"111","Suzhou",33.6333,116.9683,139
"112","Philadelphia",40.0077,-75.1339,23
"113","Jieyang",23.5533,116.3649,74
"114","Nairobi",-1.2864,36.8172,107
"115","Nangandao",35.2992,113.8851,170
"116","Ankara",39.93,32.85,83
"117","Tai’an",36.2001,117.0809,159
"118","Yulin",22.6293,110.1507,85
"119","Dezhou",37.4513,116.3105,59
"120","Houston",29.7863,-95.3889,26
"121","Atlanta",33.7627,-84.4224,64
"122","Rangoon",16.8,96.15,50
"123","Toronto",43.7417,-79.3733,34
"124","Suihua",46.6384,126.9808,38
"125","Washington",38.9047,-77.0163,36
"126","Qiqihar",47.3398,123.9512,78
"127","Jinhua",29.1046,119.6494,117
"128","Saint Petersburg",59.95,30.3167,19
"129","Shantou",23.3735,116.6941,42
"130","Sydney",-33.865,151.2094,3
"131","Weinan",34.4996,109.4684,159
"132","Suqian",33.9331,118.2831,93
"133","Guadalajara",20.6767,-103.3475,112
"134","Suzhou",31.304,120.6164,55
"135","Fuzhou",26.0769,119.2917,53
"136","Zhaotong",27.3328,103.7144,85
"137","Pudong",31.2231,121.5397,89
"138","Yongzhou",26.4515,111.5953,57
"139","Belo Horizonte",-19.8917,-43.9478,38
"140","Zhangzhou",24.5093,117.6612,102
"141","Bozhou",33.8626,115.7742,160
"142","Melbourne",-37.8136,144.9631,62
"143","Nanchang",28.6842,115.8872,74
"144","Xianyang",34.35,108.7167,153
"145","Taizhou",32.4831,119.9,109
"146","Abidjan",5.3364,-4.0267,99
"147","Surabaya",-7.2458,112.7378,1
"148","Ji’an",27.1172,114.9793,87
"149","Mianyang",31.4669,104.7385,80
"150","Shaoxing",30,120.5833,139
"151","Alexandria",31.2,29.9167,55
"152","Yuncheng",35.0304,110.998,163
"153","Pingdingshan",33.735,113.2999,147
"154","Huai’an",33.5,119.1331,104
"155","Xinpu",34.5906,119.1801,82
"156","Guilin",25.2667,110.2833,61
"157","Huaihua",27.5494,109.9592,34
"158","Jiujiang",29.7048,116.0021,61
"159","Anqing",30.5,117.0333,42
"160","Boston",42.3188,-71.0846,30
"161","Huanglongsi",34.7936,114.3403,162
"162","Xiaoganzhan",30.9273,113.911,122
"163","Changzhou",31.8122,119.9692,61
"164","Barcelona",41.3825,2.1769,31
"165","Chenzhou",25.7989,113.0267,34
"166","Wuxi",31.5667,120.2833,38
"167","Zibo",36.7831,118.0497,112
"168","Jiaxing",30.7522,120.75,142
"169","Dalian",38.9131,121.61,57
"170","Yangzhou",32.3912,119.4363,151
"171","Harbin",45.75,126.6333,53
"172","Yibin",28.7596,104.64,139
"173","Jiangmen",22.5833,113.0833,55
"174","Johannesburg",-26.2044,28.0416,110
"175","Meizhou",24.2998,116.1191,109
"176","Chifeng",42.2663,118.9223,93
"177","Casablanca",33.5992,-7.62,33
"178","Guiyang",26.5794,106.7078,72
"179","Langfang",39.5196,116.7006,50
"180","Zhangjiakou",40.8108,114.8811,42
"181","Izmir",38.4127,27.1384,45
"182","Linfen",36.0812,111.5087,158
"183","Wenzhou",27.9991,120.6561,57
"184","Monterrey",25.6667,-100.3,137
"185","Luzhou",28.8918,105.4409,112
"186","Jiangguanchi",34.0244,113.8201,117
"187","Neijiang",29.5872,105.0635,102
"188","Phoenix",33.5722,-112.0891,59
"189","Yanjiang",30.1256,104.6397,80
"190","Yiyang",28.5833,112.3333,57
"191","Zhaoqing",23.047,112.465,63
"192","Hengshui",37.7348,115.686,78
"193","Guigang",23.0961,109.6092,154
"194","Xiaoxita",30.7083,111.2803,65
"195","Xiamen",24.4797,118.0819,63
"196","Chuzhou",32.3062,118.3115,91
"197","Fuzhou",27.9814,116.3577,78
"198","Amman",31.95,35.9333,44
"199","Jeddah",21.5428,39.1728,127
"200","Sialkot City",32.5,74.5333,83
"201","Huizhou",23.1115,114.4152,59
"202","Qingyuan",23.6842,113.0507,124
"203","Zhuzhou",27.8407,113.1469,70
"204","Wuhu",31.334,118.3622,63
"205","Hechi",23.0965,109.6091,154
"206","Seattle",47.6211,-122.3244,17
"207","Loudi",27.7378,111.9974,61
"208","Binzhou",37.3806,118.0125,59
"209","Liuzhou",24.3181,109.4069,72
"210","Yokohama",35.4333,139.6333,NA
"211","Baojishi",34.3609,107.1751,161
"212","Guang’an",30.4673,106.6336,61
"213","Hanzhong",33.0794,107.026,70
"214","Kabul",34.5328,69.1658,80
"215","Zaozhuang",34.8667,117.55,160
"216","Anshan",41.1066,122.9895,107
"217","Berlin",52.5167,13.3833,26
"218","Deyang",31.1289,104.395,72
"219","Lanzhou",36.0617,103.8318,97
"220","Chengde",40.9739,117.9322,72
"221","San Francisco",37.7562,-122.443,34
"222","Puyang",35.7639,115.03,175
"223","Suining",30.5098,105.5737,65
"224","Jiaozuo",35.229,113.2304,164
"225","Bengbu",32.9354,117.3531,70
"226","Montréal",45.5089,-73.5617,35
"227","Detroit",42.3834,-83.1024,107
"228","Baicheng",23.901,106.6194,76
"229","Busan",35.1,129.0403,65
"230","Algiers",36.7764,3.0586,72
"231","Qincheng",34.5809,105.7311,97
"232","Taiyuan",37.8733,112.5425,155
"233","Lucknow",26.847,80.947,221
"234","Chaoyang",41.5757,120.4486,78
"235","Hechi",24.6928,108.085,74
"236","Leshan",29.5854,103.7575,65
"237","Yulinshi",38.2655,109.7388,59
"238","Siping",43.1715,124.3644,284
"239","Madrid",40.4189,-3.6919,37
"240","Jinan",36.6667,116.9833,109
"241","Changzhi",36.1953,113.097,188
"242","Shiyan",32.6351,110.7755,89
"243","San Diego",32.8312,-117.1225,52
"244","Faisalabad",31.418,73.079,104
"245","Santa Cruz",-17.7892,-63.1975,56
"246","Bazhou",31.8576,106.7559,53
"247","Zhongshan",22.5333,113.35,38
"248","Zhenjiang",32.2109,119.4551,61
"249","Ürümqi",43.825,87.6,76
"250","Tongliao",43.6172,122.264,65
"251","Heyuan",23.7503,114.6923,63
"252","Tongren",27.7233,109.1885,72
"253","Qinzhou",21.95,108.6167,65
"254","Jaipur",26.9167,75.8667,183
"255","Xinzhou",38.4178,112.7233,109
"256","Addis Ababa",9.0272,38.7369,72
"257","Giza",29.987,31.2118,115
"258","Meishan",30.0575,103.8381,76
"259","Brasília",-15.7744,-48.0773,22
"260","Mashhad",36.3069,59.6042,79
"261","Jinzhou",41.1144,121.1292,114
"262","Tieling",42.2841,123.8365,144
"263","Shaoguan",24.8011,113.5927,154
"264","Shanwei",22.7664,115.3331,65
"265","Minneapolis",44.9635,-93.2678,30
"266","Kyiv",50.45,30.5236,30
"267","Sanaa",15.35,44.2,42
"268","Quezon City",14.6333,121.0333,21
"269","Dingxi",35.5806,104.6263,87
"270","Salvador",-12.9708,-38.5108,12
"271","Incheon",37.4639,126.6486,57
"272","Ningde",26.6667,119.5167,42
"273","Tampa",27.9942,-82.4451,51
"274","Daqing",46.5979,125.008,153
"275","Bursa",40.1833,29.0667,59
"276","Putian",25.4394,119.0103,68
"277","Birmingham",52.48,-1.9025,8
"278","Huzhou",30.8695,120.0958,46
"279","Wuzhou",23.4833,111.3167,154
"280","Denver",39.7621,-104.8759,38
"281","Rome",41.8931,12.4828,25
"282","La Paz",-16.4942,-68.1475,56
"283","Pyongyang",39.03,125.73,59
"284","Kano",12,8.5167,157
"285","Omdurman",15.6835,32.4629,87
"286","Taichung",24.15,120.6667,70
"287","Zigong",29.3498,104.7645,134
"288","Qinhuangdao",39.9398,119.5881,95
"289","Mudanjiang",44.5861,129.5997,72
"290","Huludao",40.7094,120.8378,97
"291","Kaohsiung",22.6167,120.3,53
"292","Xiangtan",27.8431,112.9228,63
"293","Guayaquil",-2.1833,-79.8833,61
"294","Rizhao",35.4164,119.4331,76
"295","Manchester",53.4794,-2.2453,28
"296","Cawnpore",26.4725,80.3311,155
"297","Baotou",40.6562,109.8345,151
"298","Nanping",26.6448,118.1728,72
"299","Taipei",25.0478,121.5319,38
"300","Longyan",25.0881,117.0244,139
"301","Hohhot",40.8151,111.6629,80
"302","Ibadan",7.3964,3.9167,82
"303","Chaozhou",23.67,116.63,63
"304","Longba",33.535,105.349,70
"305","Antananarivo",-18.9386,47.5214,70
"306","Weihai",37.5,122.1,82
"307","Santo Domingo",18.4764,-69.8933,20
"308","Chattogram",22.335,91.8325,105
"309","Xuanzhou",30.9475,118.7518,68
"310","Sanming",26.2658,117.6302,99
"311","Brooklyn",40.6501,-73.9496,15
"312","Medellín",6.2447,-75.5748,65
"313","Brisbane",-27.4678,153.0281,13
"314","Baoshan",25.1211,99.169,155
"315","Dubai",25.2697,55.3094,76
"316","Luohe",33.583,114.0109,89
"317","Qinbaling",35.7278,107.64,117
"318","Mirzapur",25.15,82.58,154
"319","Guangyuan",32.4353,105.8398,57
"320","Cali",3.44,-76.5197,90
"321","Daegu",35.8667,128.6,87
"322","Fortaleza",-3.7275,-38.5275,10
"323","Guatemala City",14.6099,-90.5252,53
"324","Douala",4.05,9.7,157
"325","Yaoundé",3.8578,11.5181,157
"326","Lincang",23.8864,100.0871,164
"327","Antalya",36.9081,30.6956,71
"328","Lianshan",40.7503,120.83,97
"329","Tashkent",41.3,69.2667,137
"330","Huangshi",30.2018,115.0326,68
"331","Huainan",32.4831,117.0164,155
"332","Nagpur",21.1539,79.0831,158
"333","Dandong",40.1167,124.3833,89
"334","Shangzhou",33.868,109.9244,78
"335","Jilin",43.85,126.55,275
"336","Bandung",-6.95,107.5667,11
"337","Tijuana",32.525,-117.0333,98
"338","Ghaziabad",28.6667,77.4167,134
"339","Bekasi",-6.2333,107,25
"340","Jiamusi",46.8081,130.3653,21
"341","Yangjiang",21.8556,111.9627,50
"342","Yuxi",24.3495,102.5432,127
"343","Fushun",41.8708,123.8917,137
"344","Anshun",26.2456,105.934,91
"345","Accra",5.6037,-0.187,82
"346","Vancouver",49.25,-123.1,11
"347","Tangerang",-6.1783,106.6319,63
"348","Konya",37.8714,32.4847,150
"349","Queens",40.7498,-73.7976,18
"350","Adana",37,35.325,59
"351","Yingkou",40.6653,122.2297,161
"352","Sanmenxia",34.7736,111.195,166
"353","Medan",3.6667,98.6667,58
"354","Ma’anshan",31.7135,118.3605,59
"355","Indore",22.7206,75.8472,174
"356","Pingliang",35.5412,106.6819,91
"357","Quzhou",28.9545,118.8763,78
"358","Baku",40.3667,49.8352,16
"359","Gaoping",30.7804,106.13,55
"360","Huaibei",33.9562,116.789,119
"361","Xining",36.6239,101.7787,91
"362","Yan’an",36.5952,109.4863,155
"363","Havana",23.1367,-82.3589,11
"364","Phnom Penh",11.5696,104.921,87
"365","Fukuoka",33.5903,130.4019,NA
"366","Mogadishu",2.0408,45.3425,72
"367","Jincheng",35.4906,112.8483,172
"368","Lishui",28.45,119.9167,25
"369","Qingyang",24.8141,118.5792,65
"370","Riverside",33.9381,-117.3948,74
"371","Baltimore",39.3051,-76.6144,55
"372","Las Vegas",36.2333,-115.2654,52
"373","Haiphong",20.8,106.6667,NA
"374","Laibin",23.7333,109.2333,57
"375","Rawalpindi",33.6007,73.0679,76
"376","Portland",45.5372,-122.65,18
"377","Kumasi",6.6833,-1.6167,82
"378","Vadodara",22.3,73.2,24
"379","Perth",-31.9522,115.8589,29
"380","Puning",23.2993,116.1586,50
"381","San Antonio",29.4658,-98.5253,66
"382","Haikou",20.02,110.32,63
"383","Vishakhapatnam",17.7333,83.3167,87
"384","Gaziantep",37.0667,37.3833,89
"385","St. Louis",38.6358,-90.2451,30
"386","Minsk",53.9022,27.5618,46
"387","Quito",-0.2186,-78.5097,81
"388","Bamako",12.6458,-7.9922,154
"389","Pingxiang",27.6333,113.85,93
"390","Chongzuo",22.4167,107.3667,97
"391","Sanliurfa",37.1583,38.7917,62
"392","Kananga",-5.897,22.4488,107
"393","Peshawar",34,71.5,168
"394","Sapporo",43.0621,141.3544,NA
"395","Jixi",45.2937,130.965,37
"396","Caracas",10.5,-66.9333,59
"397","Fuxin",42.0127,121.6486,139
"398","Leeds",53.7997,-1.5492,29
"399","Sacramento",38.5667,-121.4683,23
"400","Blantyre",-15.7861,35.0058,16
"401","Wuwei",37.9278,102.6329,109
"402","Tainan",22.9833,120.1833,85
"403","Bucharest",44.4,26.0833,21
"404","Bhopal",23.25,77.4167,168
"405","Curitiba",-25.4297,-49.2719,24
"406","Xiping",40.08,113.3,129
"407","Asunción",-25.3,-57.6333,26
"408","Saidu Sharif",34.75,72.3572,168
"409","Hamburg",53.55,10,13
"410","Vienna",48.2083,16.3731,25
"411","Aleppo",36.2,37.15,89
"412","Meru",0.05,37.65,107
"413","Brazzaville",-4.2667,15.2833,157
"414","Orlando",28.4772,-81.3369,30
"415","Mersin",36.8,34.6167,55
"416","Almaty",43.25,76.9,80
"417","Kyoto",35.0111,135.7669,NA
"418","Manaus",-3.1,-60.0167,10
"419","Liaoyang",41.2643,123.1772,155
"420","Baiyin",36.5448,104.1766,87
"421","San Jose",37.3019,-121.8486,38
"422","Barranquilla",10.96,-74.8,21
"423","Warsaw",52.2167,21.0333,52
"424","Shengli",37.45,118.4667,74
"425","Lubumbashi",-11.6697,27.4581,3
"426","Shuyangzha",34.1299,118.7734,93
"427","Esfahan",32.6447,51.6675,89
"428","Damascus",33.5131,36.2919,124
"429","Shangqiu",34.4504,115.65,170
"430","Budapest",47.4983,19.0408,34
"431","Heihe",50.2458,127.4886,59
"432","Lusaka",-15.4167,28.2833,3
"433","Diyarbakir",37.9108,40.2367,40
"434","Chinchvad",18.6278,73.8131,102
"435","Shuozhou",39.3408,112.4292,151
"436","Cleveland",41.4767,-81.6804,50
"437","Vitória",-20.324,-40.366,15
"438","Pittsburgh",40.4396,-79.9762,85
"439","Mecca",21.4225,39.8261,53
"440","Mosul",36.3667,43.1167,78
"441","Austin",30.3004,-97.7522,20
"442","Patna",25.61,85.1414,148
"443","Sanzhou",30.82,108.4,61
"444","Conakry",9.5092,-13.7122,238
"445","Cincinnati",39.1413,-84.5061,73
"446","Kampala",0.3136,32.5811,107
"447","Ecatepec",19.6097,-99.06,114
"448","Yushan",31.3867,120.9766,63
"449","Makassar",-5.1331,119.4136,43
"450","Newcastle",55.0077,-1.6578,29
"451","Ludhiana",30.9083,75.8486,81
"452","Kansas City",39.1239,-94.5541,15
"453","Davao",7.0667,125.6,28
"454","Zhongli",24.965,121.2168,38
"455","Depok",-6.394,106.8225,63
"456","Manhattan",40.7834,-73.9662,12
"457","Rabat",34.0253,-6.8361,42
"458","Ouagadougou",12.3572,-1.5353,154
"459","Semarang",-6.9667,110.4167,1
"460","Yinchuan",38.4795,106.2254,144
"461","Multan",30.1978,71.4711,104
"462","Harare",-17.8292,31.0522,16
"463","Chengtangcun",35.0833,117.15,166
"464","Novosibirsk",55.0333,82.9167,52
"465","Karaj",35.8327,50.9915,59
"466","Indianapolis",39.7771,-86.1458,67
"467","Jingdezhen",29.2942,117.2036,85
"468","Agra",27.18,78.02,155
"469","Caloocan City",14.65,120.9667,21
"470","Kalyan",19.2502,73.1602,160
"471","Puebla",19.0333,-98.1833,32
"472","Gujranwala",32.15,74.1833,104
"473","Benxi",41.292,123.761,97
"474","Columbus",39.9862,-82.985,62
"475","Zhuhai",22.2769,113.5678,63
"476","Madurai",9.9197,78.1194,115
"477","Tabriz",38.0833,46.2833,87
"478","Jamshedpur",22.8,86.1833,23
"479","Recife",-8.0539,-34.8808,12
"480","Maracaibo",10.6333,-71.6333,59
"481","Santiago",19.5,-70.67,20
"482","Beihai",21.4667,109.1,61
"483","Shuangyashan",46.6388,131.1545,50
"484","Kobe",34.6913,135.183,NA
"485","Charlotte",35.208,-80.8304,55
"486","Yucheng",29.9888,103.0007,78
"487","Changshu",31.65,120.7333,53
"488","Ximeicun",24.9633,118.3811,53
"489","Jianguang",28.1958,115.7833,76
"490","Xushan",30.1697,121.2665,107
"491","Gwangju",35.1667,126.9167,76
"492","Guiping",23.4,110.0833,154
"493","Nasik",20,73.7833,118
"494","Zhangjiajie",29.1255,110.4844,76
"495","Porto Alegre",-30.0328,-51.23,24
"496","Valencia",10.1667,-68,59
"497","Virginia Beach",36.7335,-76.0435,42
"498","Daejeon",36.351,127.385,42
"499","Munich",48.1372,11.5755,15
"500","Yunfu",22.9242,112.0353,87
"501","Huangshan",29.7132,118.3151,53
"502","Yekaterinburg",56.8356,60.6128,67
"503","Huazhou",32.6832,112.079,124
"504","Auckland",-36.85,174.7833,36
"505","Shiraz",29.61,52.5425,64
"506","Pizhou",34.3422,118.0097,102
"507","León de los Aldama",21.1167,-101.6833,48
"508","Palembang",-2.9833,104.7644,487
"509","Kharkiv",50,36.2292,20
"510","Lianjiang",21.6146,110.2794,61
"511","Kawanakajima",35.53,139.705,NA
"512","Chizhou",30.6583,117.4849,78
"513","Leizhou",20.9147,110.0806,61
"514","Guyuan",36.008,106.2782,91
"515","Rui’an",27.778,120.6526,50
"516","Birstall",52.6736,-1.12,27
"517","Muscat",23.6139,58.5922,53
"518","Hebi",35.7497,114.2887,162
"519","Jingling",30.6667,113.1667,122
"520","Bronx",40.8501,-73.8662,18
"521","The Hague",52.08,4.27,34
"522","Owerri",5.4833,7.0333,157
"523","Sharjah",25.3575,55.3919,76
"524","Ulaanbaatar",47.9203,106.9172,93
"525","Faridabad",28.4333,77.3167,153
"526","Goiânia",-16.6789,-49.2539,22
"527","Belém",-1.4558,-48.5039,13
"528","Kayseri",38.7333,35.4833,87
"529","Yueqing",28.1188,120.9621,61
"530","Pingdu",36.7833,119.9556,122
"531","Belgrade",44.8167,20.4667,38
"532","Aurangabad",19.88,75.32,155
"533","Yutan",28.3147,112.554,59
"534","Wenling",28.3797,121.3718,112
"535","Milwaukee",43.0642,-87.9673,25
"536","Islamabad",33.6989,73.0369,76
"537","Sofia",42.6975,23.3241,26
"538","Milan",45.4669,9.19,38
"539","Adelaide",-34.9289,138.6011,20
"540","Samsun",41.2867,36.33,119
"541","Rajkot",22.2969,70.7984,243
"542","Córdoba",-31.4167,-64.1833,90
"543","Guarulhos",-23.4667,-46.5333,21
"544","Prague",50.0833,14.4167,33
"545","Juárez",31.7386,-106.487,30
"546","Montevideo",-34.8667,-56.1667,95
"547","Fuqing",25.7232,119.3735,50
"548","Xintai",35.91,117.78,162
"549","Doha",25.3,51.5333,127
"550","Khulna",22.8167,89.55,109
"551","Saitama",35.8617,139.6453,NA
"552","Hiroshima",34.3853,132.4553,NA
"553","Meerut",28.99,77.7,114
"554","Yushu",44.8249,126.5451,72
"555","Rongcheng",26.2312,104.0966,85
"556","Yangquan",37.8576,113.5762,159
"557","Mbuji-Mayi",-6.1209,23.5967,107
"558","Haicheng",40.8523,122.7474,107
"559","Gaozhou",21.9392,110.8461,55
"560","Yingtan",28.2333,117,82
"561","Wuzhong",37.9874,106.1919,144
"562","Zhangye",38.9355,100.4553,85
"563","Jabalpur",23.1667,79.9333,369
"564","Rucheng",32.3852,120.5634,61
"565","Nizhniy Novgorod",56.3269,44.0075,59
"566","Huaiyin",33.58,119.03,109
"567","Thane",19.18,72.9633,95
"568","Shaoyang",32.9387,119.8404,109
"569","Yangshe",31.8775,120.5512,76
"570","Comayagüela",14.0833,-87.2167,87
"571","Yichun",47.7235,128.8893,30
"572","Laiwu",36.1833,117.6667,149
"573","Dhanbad",23.7928,86.435,23
"574","Dayan",26.8808,100.2208,76
"575","Kazan",55.7908,49.1144,59
"576","Jiangyin",31.9087,120.2653,82
"577","Yongcheng",33.9317,116.4459,153
"578","Calgary",51.05,-114.0667,45
"579","C<U+1EA7>n Tho",10.0333,105.7833,87
"580","Abuja",9.0556,7.4914,157
"581","Suwon",37.2858,127.01,76
"582","Yiwu",29.3081,120.0698,102
"583","Al Basrah",30.4889,47.81,88
"584","Mandalay",21.9769,96.0869,93
"585","Beidao",34.6,105.92,97
"586","Shuangshui",26.5944,104.8333,85
"587","Sevilla",37.3828,-5.9731,30
"588","Vila Velha",3.2167,-51.2167,13
"589","Providence",41.823,-71.4187,25
"590","Chelyabinsk",55.15,61.4,73
"591","Qom",34.6461,50.8789,33
"592","Allahabad",25.455,81.84,154
"593","Tunis",36.8008,10.18,48
"594","Mombasa",-4.05,39.6667,107
"595","Varanasi",25.3189,83.0128,154
"596","Maiduguri",11.8333,13.15,87
"597","Rosario",-32.9575,-60.6394,90
"598","Maputo",-25.9153,32.5764,16
"599","Benin City",6.3176,5.6145,82
"600","Xinyu",27.795,114.9242,95
"601","Ahvaz",31.3203,48.6692,119
"602","Jacksonville",30.3322,-81.6749,51
"603","Medina",24.4667,39.6,73
"604","Srinagar",34.0911,74.8061,76
"605","Huazhou",21.654,110.6294,55
"606","Omsk",54.9667,73.3833,63
"607","Xiantao",30.3833,113.4,122
"608","Cilacap",-7.7167,109.017,11
"609","Dublin",53.3425,-6.2658,17
"610","Samara",53.1833,50.1167,59
"611","Guankou",28.1417,113.625,93
"612","Bandar Lampung",-5.4294,105.2625,63
"613","Ulsan",35.55,129.3167,68
"614","Dingzhou",38.5158,114.9845,72
"615","Campinas",-22.9009,-47.0573,21
"616","Lianyuan",27.6961,111.6659,27
"617","Rongcheng",29.8239,112.9019,68
"618","Nay Pyi Taw",19.8028,96.1583,65
"619","Kaiyuan",36.0656,113.8153,171
"620","Zhuji",29.7169,120.2314,129
"621","Zapopan",20.7167,-103.4,48
"622","Leiyang",26.4179,112.8457,26
"623","Dakar",14.7319,-17.4572,238
"624","Dadukou",26.5849,101.7149,147
"625","Quetta",30.192,67.007,57
"626","Amritsar",31.6167,74.85,83
"627","Yingchuan",34.1511,113.4733,137
"628","Aligarh",27.88,78.08,385
"629","Callao",-12.0611,-77.1333,10
"630","Tegucigalpa",14.0942,-87.2067,87
"631","Tripoli",32.8752,13.1875,46
"632","Bhiwandi",19.3,73.0667,160
"633","Rostov",47.2333,39.7167,56
"634","Zhoushan",30.0162,122.0988,61
"635","Tbilisi",41.7225,44.7925,54
"636","Ufa",54.7333,55.9667,73
"637","Fès",34.0433,-5.0033,22
"638","Nezahualcóyotl",19.4,-98.9889,20
"639","Ciudad Nezahualcóyotl",19.41,-99.03,20
"640","Biên Hòa",10.9575,106.8426,87
"641","Mexicali",32.6633,-115.4678,58
"642","Gwalior",26.215,78.1931,155
"643","Ankang",32.6877,109.0235,61
"644","Hegang",47.3139,130.2775,46
"645","Ikare",7.5304,5.76,157
"646","Salt Lake City",40.7777,-111.9306,34
"647","Bhilai",21.2167,81.4333,160
"648","Yuyao",30.0372,121.1546,99
"649","Hanchuan",30.652,113.8274,122
"650","Gongzhuling",43.5036,124.8088,262
"651","N’Djamena",12.11,15.05,87
"652","Irbid",32.5556,35.85,24
"653","Cologne",50.9422,6.9578,26
"654","Copenhagen",55.6786,12.5635,33
"655","Krasnoyarsk",56.0167,92.8667,13
"656","Yicheng",31.3697,119.8239,30
"657","Mizhou",36,119.4167,109
"658","Nashville",36.1715,-86.7843,58
"659","Nur-Sultan",51.1333,71.4333,63
"660","Nouakchott",18.0783,-15.9744,238
"661","Haora",22.59,88.31,108
"662","Yerevan",40.1814,44.5144,101
"663","Richmond",37.5295,-77.4756,55
"664","Vereeniging",-26.6736,27.9319,134
"665","Taixing",32.1724,120.0142,87
"666","São Luís",-2.53,-44.3028,13
"667","San Pedro Sula",15.5,-88.0333,87
"668","Ranchi",23.3556,85.3347,23
"669","Memphis",35.1046,-89.9773,31
"670","Edmonton",53.5344,-113.4903,24
"671","Goyang",37.6564,126.835,57
"672","Xishan",27.6609,113.4946,74
"673","Barquisimeto",10.0678,-69.3467,59
"674","Sendai",38.2683,140.8694,NA
"675","Bezwada",16.5167,80.6167,91
"676","Perm",58.0139,56.2489,73
"677","Voronezh",51.6717,39.2106,38
"678","Changwon",35.2281,128.6811,68
"679","Zhongwei",37.5139,105.1884,87
"680","Shouguang",36.8833,118.7333,82
"681","Raleigh",35.8325,-78.6435,52
"682","Cartagena",10.4236,-75.5253,21
"683","Matola",-25.9667,32.4667,16
"684","Ogbomoso",8.1333,4.25,82
"685","Ashgabat",37.95,58.3833,95
"686","Amsterdam",52.35,4.9166,32
"687","E’zhou",30.3972,114.8842,68
"688","Bogor",-6.6,106.8,63
"689","Tekirdag",40.9833,27.5167,49
"690","Patam",1.0678,104.0167,53
"691","Maceió",-9.6658,-35.735,12
"692","Linhai",28.8523,121.1409,85
"693","Managua",12.15,-86.2667,25
"694","Bishkek",42.8667,74.5667,80
"695","Niamey",13.5086,2.1111,157
"696","Chandigarh",30.7353,76.7911,126
"697","Shubra al Khaymah",30.1286,31.2422,105
"698","Wafangdian",39.6271,121.9972,82
"699","Zhongxiang",31.169,112.5853,93
"700","Monrovia",6.3106,-10.8047,238
"701","New Orleans",30.0687,-89.9288,24
"702","Shymkent",42.3,69.6,137
"703","Volgograd",48.7,44.4833,59
"704","Mysore",12.3086,76.6531,104
"705","Odesa",46.4775,30.7326,10
"706","Raipur",21.2379,81.6337,153
"707","Arequipa",-16.3988,-71.5369,56
"708","Nice",43.7034,7.2663,31
"709","Port Harcourt",4.75,7,82
"710","Louisville",38.1663,-85.6485,65
"711","Rotterdam",51.92,4.48,32
"712","Zaoyang",32.1287,112.7581,154
"713","Shuizhai",33.4433,114.8994,122
"714","Kota",25.18,75.83,499
"715","Abu Dhabi",24.4781,54.3686,56
"716","Bareilly",28.364,79.415,177
"717","Qu<U+1EA3>ng Hà",16.06,108.25,63
"718","Kitaku",33.8704,130.82,42
"719","Jodhpur",26.2918,73.0168,195
"720","Xingcheng",24.1681,115.6669,109
"721","Dongtai",32.8534,120.3037,85
"722","Ottawa",45.4247,-75.695,25
"723","Joinvile",-26.32,-48.8399,24
"724","Port-au-Prince",18.5425,-72.3386,20
"725","Yingcheng",24.1876,113.4042,160
"726","Glasgow",55.8609,-4.2514,29
"727","Dnipro",48.45,34.9833,56
"728","Danyang",31.9948,119.575,144
"729","Natal",-6.9838,-60.2699,13
"730","Chiba",35.6,140.1,17
"731","Zhaodong",46.0635,125.9773,104
"732","Xibeijie",39.737,98.5049,57
"733","Kathmandu",27.7167,85.3667,NA
"734","Kirkuk",35.4667,44.4,83
"735","Oklahoma City",35.4676,-97.5136,17
"736","Stockholm",59.3294,18.0686,20
"737","Huilong",31.8131,121.6574,74
"738","Naples",40.8333,14.25,51
"739","Tongjin",37.2361,127.2011,74
"740","Toulouse",43.6045,1.444,40
"741","Denizli",37.7731,29.0878,61
"742","Asmara",15.3333,38.9167,46
"743","Coimbatore",11,76.9667,119
"744","Luocheng",22.7645,111.5745,87
"745","Dispur",26.15,91.77,193
"746","Guwahati",26.1667,91.7667,193
"747","Shima",24.4475,117.8118,102
"748","Solapur",17.6833,75.9167,70
"749","Freetown",8.4833,-13.2331,238
"750","Songnam",37.4386,127.1378,74
"751","Tangier",35.7847,-5.8125,42
"752","Anqiu",36.3619,119.1072,91
"753","Feicheng",36.186,116.772,134
"754","Taishan",22.2486,112.785,55
"755","Khartoum North",15.6333,32.6333,87
"756","Meishan",34.1736,112.839,159
"757","Kisangani",0.5153,25.1911,107
"758","Aguascalientes",21.876,-102.296,38
"759","Nada",19.5,109.5833,65
"760","Taihecun",45.768,131.0063,37
"761","Donetsk",48.0089,37.8042,56
"762","Marrakech",31.6295,-7.9811,33
"763","Wuchuan",21.4571,110.7659,55
"764","Taihe",30.8706,105.3784,61
"765","Bridgeport",41.1918,-73.1953,27
"766","Cebu City",10.3,123.9,34
"767","Olinda",-8,-34.85,12
"768","Xin’an",34.3662,118.3369,112
"769","Trujillo",-8.1119,-79.0289,10
"770","Jerusalem",31.7833,35.2167,55
"771","Trichinopoly",10.8269,78.6928,119
"772","Padang",-0.9556,100.3606,56
"773","Buffalo",42.9016,-78.8487,52
"774","Qingzhou",36.6967,118.4797,137
"775","Xinyi",22.3559,110.9369,55
"776","Lichuan",30.2965,108.9378,65
"777","Daye",30.1003,114.9699,68
"778","Fort Worth",32.7811,-97.3473,18
"779","Zhuanghe",39.6896,122.9664,82
"780","Hartford",41.7661,-72.6834,11
"781","Ad Dammam",26.4333,50.1,31
"782","Lhasa",29.65,91.1,65
"783","Jiaozhou",36.2481,119.9625,153
"784","Homs",34.7333,36.7167,59
"785","Mérida",20.97,-89.62,16
"786","Hubli",15.36,75.125,119
"787","Zaria",11.0667,7.7,157
"788","Abeokuta",7.15,3.35,82
"789","Tucson",32.1545,-110.8782,40
"790","Dengtalu",36.08,114.35,167
"791","Krasnodar",45.0333,38.9833,128
"792","Panama City",9,-79.5,55
"793","Chihuahua",28.6353,-106.0889,39
"794","Klang",3.0333,101.45,74
"795","Natal",-5.795,-35.2089,12
"796","Novo Hamburgo",-29.7096,-51.14,26
"797","Campo Grande",-20.4686,-54.6222,27
"798","Laiyang",36.9758,120.7136,91
"799","Barinas",8.6333,-70.2167,59
"800","Jos",9.9333,8.8833,157
"801","Jalandhar",31.3256,75.5792,71
"802","Kaifeng Chengguanzhen",34.85,114.35,162
"803","Eskisehir",39.7767,30.5206,64
"804","Turin",45.0667,7.7,46
"805","Marseille",43.2964,5.37,193
"806","Gaomi",36.3833,119.75,127
"807","Bucheon",37.4989,126.7831,42
"808","Ipoh",4.6,101.07,54
"809","Hai’an",32.532,120.4604,102
"810","Liverpool",53.4,-2.9833,33
"811","Zamboanga City",6.9167,122.0833,11
"812","Weichanglu",37.1792,119.9333,119
"813","Portsmouth",50.8058,-1.0872,30
"814","Southampton",50.9,-1.4,30
"815","Pekanbaru",0.5333,101.45,48
"816","Leping",28.9632,117.1203,63
"817","Erbil",36.1911,44.0094,82
"818","Oran",35.6969,-0.6331,40
"819","Kermanshah",34.3167,47.0686,107
"820","Sale",34.05,-6.8167,42
"821","Hailun",47.4585,126.9632,30
"822","Yangchun",22.1667,111.7833,50
"823","Macheng",31.1817,115.0189,87
"824","Omaha",41.2627,-96.0522,13
"825","Ilorin",8.5,4.55,82
"826","Teresina",-5.0949,-42.8042,13
"827","Saratov",51.5333,46,59
"828","Iguaçu",-22.74,-43.47,46
"829","El Paso",31.8479,-106.4309,13
"830","Yuci",37.6804,112.73,112
"831","Dehui",44.5323,125.6965,248
"832","Bhubaneshwar",20.2644,85.8281,44
"833","Lomé",6.1319,1.2228,82
"834","Tongchuan",34.9057,108.9422,169
"835","Denpasar",-8.6667,115.2167,1
"836","Naucalpan de Juárez",19.4753,-99.2378,46
"837","Cheongju",36.6372,127.4897,53
"838","Warri",5.5167,5.75,82
"839","Pointe-Noire",-4.7889,11.8653,82
"840","Rongjiawan",29.3801,113.1,74
"841","San Luis Potosí",22.1511,-100.9761,2
"842","Renqiu",38.7094,116.1008,102
"843","Butterworth",5.3942,100.3664,65
"844","Honolulu",21.3294,-157.846,13
"845","Toluca",19.2925,-99.6569,99
"846","Xindi",29.8182,113.4653,70
"847","Wu’an",36.6941,114.1847,163
"848","São Bernardo do Campo",-23.6939,-46.565,65
"849","Wutong",30.6326,120.5474,142
"850","Bhayandar",19.3,72.85,104
"851","Hermosillo",29.0989,-110.9542,19
"852","Gaoyou",32.7847,119.4432,151
"853","Yiyang",26.4103,112.3913,25
"854","Hejian",38.4451,116.0897,40
"855","Puxi",35.2125,114.735,181
"856","Trabzon",41.005,39.7225,131
"857","Zijinglu",34.7513,112.9854,156
"858","Saltillo",25.4333,-101,54
"859","Xiashi",30.5333,120.6833,142
"860","Taguig City",14.5167,121.05,21
"861","Querétaro",20.5875,-100.3928,24
"862","Dongyang",29.2785,120.2282,82
"863","McAllen",26.2273,-98.2471,70
"864","João Pessoa",-7.0833,-34.8333,14
"865","Qingping",34.538,113.3796,156
"866","Libreville",0.3901,9.4544,82
"867","Niigata",37.9161,139.0364,17
"868","Valencia",39.4667,-0.375,35
"869","Hamamatsu",34.7167,137.7333,NA
"870","Zagreb",45.8,15.95,11
"871","Xiangxiang",27.7389,112.5223,61
"872","Moradabad",28.8418,78.7568,177
"873","Culiacán",24.8069,-107.3939,256
"874","Morelia",19.7683,-101.1894,76
"875","Xingyi",25.091,104.9011,97
"876","Chaohucun",31.6783,117.7353,38
"877","Lilongwe",-13.9833,33.7833,15
"878","Dushanbe",38.5731,68.7864,59
"879","Malang",-7.98,112.62,1
"880","Antipolo",14.5842,121.1763,21
"881","Cencheng",22.9297,111.0186,162
"882","Fuyang",30.0533,119.9519,147
"883","Nottingham",52.95,-1.15,27
"884","Hempstead",40.6629,-73.6089,11
"885","Erzurum",39.9097,41.2756,91
"886","Al ‘Ayn",24.2075,55.7447,53
"887","Kraków",50.0614,19.9372,63
"888","Songzi",30.1772,111.7732,63
"889","Laixi",36.8667,120.5333,102
"890","Zhongba",31.7761,104.7406,87
"891","Cotonou",6.4,2.52,82
"892","Albuquerque",35.1053,-106.6464,29
"893","Qingnian",36.8494,115.7061,76
"894","Kaduna",10.5231,7.4403,157
"895","Vientiane",17.9667,102.6,59
"896","Xinhualu",34.3962,113.7249,159
"897","Guangshui",31.6189,113.8229,89
"898","Pasig City",14.575,121.0833,21
"899","Samarinda",-0.5022,117.1536,43
"900","Frankfurt",50.1136,8.6797,11
"901","Colombo",6.9167,79.8333,82
"902","Ciudad Guayana",8.3596,-62.6517,88
"903","Hungnam",39.8231,127.6232,51
"904","Pietermaritzburg",-29.5833,30.4167,62
"905","Tlalnepantla",19.5367,-99.1947,97
"906","Changhua",24.0667,120.5333,65
"907","Kolhapur",16.7,74.2333,70
"908","Cúcuta",7.9075,-72.5047,21
"909","Licheng",31.4174,119.4786,97
"910","Kigali",-1.9536,30.0606,107
"911","Tyumen",57.15,65.5333,73
"912","San Cristóbal",7.7682,-72.2322,21
"913","Thiruvananthapuram",8.5,76.8997,82
"914","Cancún",21.1606,-86.8475,16
"915","Zaporizhzhia",47.8378,35.1383,41
"916","Pretoria",-25.7464,28.1881,28
"917","Chengguan",35.4599,113.7975,174
"918","Nehe",48.48,124.8738,89
"919","Birmingham",33.5277,-86.7987,30
"920","Kumamoto",32.8031,130.7078,25
"921","Zunhua",40.1881,117.9593,78
"922","Orumiyeh",37.55,45.1,176
"923","Oyo",7.8333,3.9333,82
"924","Wugang",26.7345,110.6293,46
"925","Bangui",4.3732,18.5628,87
"926","Shuangqiao",35.0833,112.5833,171
"927","Sokoto",13.0622,5.2339,157
"928","Sizhan",39.0099,106.3694,99
"929","Langzhong",31.5833,105.972,65
"930","Qian’an",40.0059,118.6973,74
"931","Rennes",48.1147,-1.6794,23
"932","Zouping",36.8625,117.7424,97
"933","Reynosa",26.0922,-98.2778,70
"934","Bremen",53.1153,8.7975,29
"935","An Najaf",32.029,44.3396,156
"936","Lviv",49.8419,24.0315,33
"937","Bristol",51.45,-2.5833,31
"938","Guli",28.9008,120.0284,112
"939","Sagamihara",35.5667,139.3667,NA
"940","Sarasota",27.3386,-82.5431,23
"941","Mississauga",43.6,-79.65,34
"942","Lingbao Chengguanzhen",34.5221,110.8786,167
"943","Okayama",34.65,133.9167,50
"944","Anlu",31.2575,113.6783,122
"945","Wusong",30.9333,117.7667,65
"946","Dayton",39.7797,-84.1998,67
"947","Enugu",6.4403,7.4942,157
"948","Xichang",27.8983,102.2706,26
"949","Santo André",-23.6572,-46.5333,65
"950","Chengxiang",31.4515,121.1043,102
"951","George Town",5.4145,100.3292,57
"952","Tolyatti",53.5167,49.4167,59
"953","Saharanpur",29.964,77.546,159
"954","Winnipeg",49.8844,-97.1464,33
"955","Quebec City",46.8139,-71.2081,63
"956","Dashiqiao",40.6328,122.5021,161
"957","Warangal",17.9756,79.6011,152
"958","Rochester",43.168,-77.6162,15
"959","Fresno",36.7831,-119.7941,52
"960","Jaboatão",-8.1803,-35.0014,14
"961","Latakia",35.5236,35.7917,59
"962","Changsha",22.3762,112.6877,55
"963","Soledad",10.92,-74.77,21
"964","Riga",56.9475,24.1069,5
"965","Osasco",-23.5328,-46.7919,55
"966","Bauchi",10.3158,9.8442,157
"967","Hamilton",43.2567,-79.8692,17
"968","Oslo",59.9111,10.7528,7
"969","Salem",11.65,78.1667,119
"970","Shishi",24.7355,118.6434,68
"971","Banjarmasin",-3.3333,114.5833,34
"972","Miluo Chengguanzhen",28.8049,113.0745,65
"973","Guadalupe",25.6775,-100.2597,95
"974","Gaizhou",40.4019,122.3499,114
"975","Shizuoka",34.9756,138.3825,NA
"976","Malegaon",20.55,74.55,118
"977","Lódz",51.7769,19.4547,12
"978","Karbala’",32.6167,44.0333,156
"979","Leling",37.7333,117.2167,63
"980","São José dos Campos",-23.1789,-45.8869,17
"981","Grenoble",45.1715,5.7224,18
"982","Acapulco de Juárez",16.8636,-99.8825,64
"983","Jianshe",34.2189,113.7693,117
"984","Chisinau",47.0056,28.8575,6
"985","Sheffield",53.3833,-1.4667,31
"986","Aracaju",-10.9111,-37.0717,14
"987","Jingcheng",32.0058,120.2547,82
"988","Allentown",40.5961,-75.4756,34
"989","Bahawalpur",29.3956,71.6722,69
"990","Xinmin",41.9952,122.8224,157
"991","Xigazê",29.2649,88.8799,78
"992","Shanhu",29.5908,120.8176,139
"993","Zhongshu",27.8116,106.4133,70
"994","Torreón",25.5394,-103.4486,6
"995","Gold Coast",-28.0167,153.4,7
"996","Tasikmalaya",-7.3333,108.2,11
"997","Kochi",9.9667,76.2833,85
"998","Cagayan de Oro",8.4833,124.65,28
"999","Palermo",38.1157,13.3613,48
"1000","Gorakhpur",26.7611,83.3667,154
